id;gallery_name;slug;photo;photo_content_type
1;Ohio Health Fresh;../fake-data/blob/hipster.txt;../fake-data/blob/hipster.png;image/png
2;Tools Fully-configurable;../fake-data/blob/hipster.txt;../fake-data/blob/hipster.png;image/png
3;Automotive Club South;../fake-data/blob/hipster.txt;../fake-data/blob/hipster.png;image/png
4;improvement integrated;../fake-data/blob/hipster.txt;../fake-data/blob/hipster.png;image/png
5;Public-key;../fake-data/blob/hipster.txt;../fake-data/blob/hipster.png;image/png
6;Games Passage Botswana;../fake-data/blob/hipster.txt;../fake-data/blob/hipster.png;image/png
7;heuristic port Persistent;../fake-data/blob/hipster.txt;../fake-data/blob/hipster.png;image/png
8;XSS;../fake-data/blob/hipster.txt;../fake-data/blob/hipster.png;image/png
9;withdrawal e-enable;../fake-data/blob/hipster.txt;../fake-data/blob/hipster.png;image/png
10;Fish Port Connecticut;../fake-data/blob/hipster.txt;../fake-data/blob/hipster.png;image/png
