id;names;slug;email;phone_number
1;bypass;../fake-data/blob/hipster.txt;Victor57@hotmail.com;Clothing
2;Secured utilize Computers;../fake-data/blob/hipster.txt;Ubaldo.Anderson@gmail.com;Director
3;Dominica black Functionality;../fake-data/blob/hipster.txt;Filiberto_Lehner@hotmail.com;withdrawal Computers deposit
4;Movies harness;../fake-data/blob/hipster.txt;Donnell_Gutkowski21@hotmail.com;Networked Sleek quantifying
5;Quality-focused lime Plastic;../fake-data/blob/hipster.txt;Monte96@gmail.com;Solutions
6;extend;../fake-data/blob/hipster.txt;Stanford_Waters@hotmail.com;yellow Cote Hampshire
7;application full-range payment;../fake-data/blob/hipster.txt;Layne58@hotmail.com;Concrete Unbranded
8;engineer;../fake-data/blob/hipster.txt;Tyrel57@yahoo.com;withdrawal
9;extensible Data;../fake-data/blob/hipster.txt;Muhammad4@hotmail.com;Avon Shirt turquoise
10;hack navigating invoice;../fake-data/blob/hipster.txt;Chanelle.Morissette@yahoo.com;Hampshire Berkshire transmit
