id;title;slug
1;contextually-based Alaska Fresh;../fake-data/blob/hipster.txt
2;Table Micronesia;../fake-data/blob/hipster.txt
3;Center;../fake-data/blob/hipster.txt
4;payment utilize Account;../fake-data/blob/hipster.txt
5;Regional;../fake-data/blob/hipster.txt
6;technologies Soft Senior;../fake-data/blob/hipster.txt
7;Assistant Bike;../fake-data/blob/hipster.txt
8;Guadeloupe digital;../fake-data/blob/hipster.txt
9;Malagasy Alley Practical;../fake-data/blob/hipster.txt
10;solution;../fake-data/blob/hipster.txt
