id;title;employer;start_date;end_date;roles
1;cross-media Usability deposit;wireless panel;2021-05-14T05:16:15;2021-05-14T00:29:46;../fake-data/blob/hipster.txt
2;Soft Senior;Salad National neural;2021-05-14T00:55:28;2021-05-14T06:13:45;../fake-data/blob/hipster.txt
3;French info-mediaries Generic;Communications Global;2021-05-14T07:33:53;2021-05-14T08:36:26;../fake-data/blob/hipster.txt
4;Distributed Representative;deposit Planner Ergonomic;2021-05-14T04:44:38;2021-05-14T17:46:42;../fake-data/blob/hipster.txt
5;Dakota target solutions;European;2021-05-13T22:48:31;2021-05-14T03:24:59;../fake-data/blob/hipster.txt
6;Personal;mesh;2021-05-14T14:57:12;2021-05-14T10:11:15;../fake-data/blob/hipster.txt
7;application Optimization;circuit;2021-05-14T17:21:44;2021-05-14T10:57:07;../fake-data/blob/hipster.txt
8;interface;compressing Clothing Savings;2021-05-14T09:40:28;2021-05-14T07:50:19;../fake-data/blob/hipster.txt
9;Coordinator;expedite SMTP;2021-05-14T01:45:16;2021-05-14T10:35:30;../fake-data/blob/hipster.txt
10;Avon Planner TCP;payment indigo;2021-05-14T03:49:04;2021-05-14T17:13:28;../fake-data/blob/hipster.txt
